Title,Latitude,Longitude,PowerKW,charging_station_type,anno
"Via Giovanni Pascoli, 53",45.47665946758781,9.224673771475494,22,slow,2024
FLYELECTRIC Corti,45.480455086764636,9.231042197452098,50,fast,2024
Tunisia40,45.47934001528461,9.201452139640843,22,slow,2024
Powy Tigros,3.1586445686571096e-05,0.000391484,50,fast,2024
Ramada Plaza Milano,45.501631144135956,9.228273324318593,22,slow,2024
Piazza Missori - MPNEXT,45.46080401109407,9.188602758378465,22,slow,2024
A2A Lentasio ,45.458448,9.191707,50,fast,2024
Be Charge Sammartini,45.49595,9.21245,150,ultrafast,2024
A2A  Niguarda,45.51491,9.194317,50,fast,2024
A2A  Calvairate,45.449406,9.220901,50,fast,2024
A2A  Stadera,45.437307,9.183843,50,fast,2024
A2A Traiano ,45.484321,9.152872,50,fast,2024
Be Charge Testi,45.522921,9.210419,50,fast,2024
Ewiva Coop Arona,45.482819,9.160105,50,fast,2024
Be Charge Via Santa Maria Fulcorina,45.463643,9.183694,150,ultrafast,2024
Be Charge Famagosta ,45.437001,9.157929,150,ultrafast,2024
Be Charge Eni,45.49483,9.138969,150,ultrafast,2024
Be Charge MediaWorld,45.479725,9.245776,150,ultrafast,2024
Be Charge Eni,45.463249,9.133554,150,ultrafast,2024
Be Charge Eni,45.497928,9.191656,50,fast,2024
Ewiva Coop Gozzoli,45.451389,9.095357,150,ultrafast,2024
Be Charge Eni Abbadesse,45.488016,9.196709,150,ultrafast,2024
Be Charge Eni,45.521004,9.227449,50,fast,2024
Be Charge Eni,45.507397,9.223397,50,fast,2024
GreenFlux Volvo Recharge Portanuova Varesine,45.481945,9.195023,150,ultrafast,2024
Enel X Stazione Centrale,45.486521,9.206963,50,fast,2024
Enel X  Quarto Oggiaro,45.507901,9.139033,50,fast,2024
Be Charge ,45.460958,9.220242,50,fast,2024
IrenGo Crédit Agricole,45.464334,9.186008,50,fast,2024
Be Charge Scuola Primaria Porta Agnesi,45.454223,9.19489,50,fast,2024
Be Charge  Porta Garibaldi,45.480811,9.18938,50,fast,2024
Car-Wash Futura Autolavaggio | E-Station,45.403512850471884,9.167836736675667,22,slow,2024
Be Charge Ospedale Niguarda Zona Ca' Granda,45.509494,9.190209,22,slow,2024
BeCharge Milano Lorenteggio,45.448431,9.124145,22,slow,2024
BECHARGE MILANO Siena c/o Carrefour Market,45.46535032812116,9.138186904451914,50,fast,2024
Sheraton Milano San Siro,45.478185,9.103063,22,slow,2024
BECHARGE MILANO Stendhal,45.45203574122553,9.160262713783368,50,fast,2024
LIDL Milano  Forze Armate,45.45975914,9.100764271506137,22,slow,2024
Becharge Milano Palestrina,45.479872326949476,9.223126215532375,22,slow,2024
BECHARGE Milano Salvioni,45.485726937509355,9.160702447008362,22,slow,2024
Centro Porsche Milano Nord,45.510295723218064,9.124594435844756,150,ultrafast,2024
LIDL Milano Sarca ,45.527717,9.215318,22,slow,2024
BECHARGE MILANO Pirelli,45.52090421625826,9.214258993807789,22,slow,2024
NHP MILANO ROGOREDO,45.43368334192505,9.237619313589107,50,fast,2024
U2 Supermercato Opera | EnelX,45.36802899,9.209244507,22,slow,2024
NHP Milano Cantore,45.455730322922676,9.1727994,50,fast,2024
Ekomobil - 22 kW,45.50398827,9.164094833800164,22,slow,2024
LIDL Buccinasco,45.42298912764534,9.118493005938944,22,slow,2024
NHP MILANO Bocconi,45.447710001324424,9.19073038,50,fast,2024
Tigros Milano Giambellino,45.45067623384125,9.149609117003251,22,slow,2024
NHP MILANO Lodi TIBB,45.447868362511514,9.208807561927415,50,fast,2024
NHP MILANO Porta Romana,45.45135316929739,9.203706751,50,fast,2024
NHP MILANO Aicardo,45.44341598512594,9.185335101118085,50,fast,2024
NHP MILANO Ticinese,45.45219372363783,9.181530092304115,50,fast,2024
BECHARGE MILANO Sammartini,45.49070179524185,9.207428778513759,50,fast,2024
NHP MILANO CORVETTO,45.439555,9.222675,50,fast,2024
ENERMIA MILANO Ponte Vetero,45.469125045057524,9.185158218765423,22,slow,2024
Enermia Milano Diaz,45.462624927611216,9.190687801209606,22,slow,2024
BeCharge Milano Udine,45.49076557515164,9.236909466120665,50,fast,2024
NHP Milano Ripamonti,45.443459,9.197317,50,fast,2024
Destination Zero Talent Garden Calabiana,45.44422566182919,9.207734679661257,22,slow,2024
LIDL Milano Adriano,45.51257577,9.246623043,22,slow,2024
King Mokinba Hotels,45.465569,9.17779,22,slow,2024
LIDL Milano Ornato,45.52547901,9.192678901,22,slow,2024
BeCharge Milano Fondazione Prada,45.44383059,9.205538468,22,slow,2024
BeCharge Milano Gae Aulenti,45.48251296186828,9.189665282362625,22,slow,2024
NHP Milano Martini,45.455478,9.220324,50,fast,2024
Hotel Viu Milano,45.48315,9.177614,22,slow,2024
BeCharge Milano S. Rafael,45.4996862,9.209597912,22,slow,2024
BeCharge Milano Botta,45.454665074886236,9.205586008294176,22,slow,2024
BeCharge Milano Arco,45.47050492874337,9.184386867059175,22,slow,2024
U2 Supermercato Milano Vallazze | EnelX,45.48474543,9.2280526,22,slow,2024
 SEA Smart Energy Area Milano Bovisa FNM,45.501927,9.159476067,22,slow,2024
Hotel Baviera Mokinba,45.478296,9.19978,22,slow,2024
Novotel Milano Mecenate BeCharge,45.4482678,9.25701594,22,slow,2024
Bodio Center | Driwe,45.4970573,9.16727333,22,slow,2024
Magna Pars | BeCharge by Driwe,45.45315766,9.167283035,22,slow,2024
LIDL Milano Bezzi,45.462548273361264,9.148890995220862,22,slow,2024
BeCharge Milano Bacchiglione,45.44312724,9.220476745,22,slow,2024
EnelX EVAD Sede Enel MI Rubattino,45.47795615,9.255597452,50,fast,2024
Esselunga Famagosta,45.43661859,9.167238906,50,fast,2024
LIDL Milano Viale Monza,45.51487061,9.225884517,22,slow,2024
LIDL Milano Cassala ,45.44556,9.160524,22,slow,2024
EnelX EVA+ ADS Q8 MILANO De Gasperi,45.4890758,9.141148993808542,50,fast,2024
Lidl Milano Lorenteggio,45.444579803171216,9.122116427064913,22,slow,2024
NH Palazzo Moscova,45.480919,9.190325,22,slow,2024
EnelX EVA+ IP  Via La Spezia,45.44062687,9.172915678,50,fast,2024
zephyro MI,45.498185704361354,9.137275922,22,slow,2024
BITTA stazione di ricarica a muro Repower,45.47161462,9.21559684,22,slow,2024
A2A Larga,45.46209896,9.193444353,22,slow,2024
A2A Volta,45.47869008472627,9.184458281946926,22,slow,2024
 MediaWorld Certosa,45.48911856689349,9.151014177284983,22,slow,2024
 MediaWorld Rubattino,45.47997883666983,9.246671138487605,22,slow,2024
Mediaworld Piazza Napoli,45.45016685,9.155061631,22,slow,2024
Borromeo Parking,45.463396,9.182692,22,slow,2024
Gabba,45.47048287823648,9.190024056479261,22,slow,2024
 Four Points by Sheraton Milan Center,45.48502108767568,9.198147722499458,22,slow,2024
A2A E-move.me,45.46545575481615,9.180794347,22,slow,2024
Cristallo Mokinba Hotels,45.483432,9.208467,22,slow,2024
Montebianco Mokinba Hotels,45.478773,9.144583,22,slow,2024
Una Hotel Scandinavia,45.48554064,9.164125177,22,slow,2024
The Hub Hotel,45.513811,9.11971,22,slow,2024
Garage Matteotti c/o Hotel Boscolo,45.46682427194659,9.194257923,22,slow,2024
Buonaparte Parking S.R.L.,45.467073871085304,9.180133624846135,22,slow,2024
 Garage Velasca,45.45981112267696,9.191158630892561,22,slow,2024
 Autosilo Diaz,45.46208183813039,9.189903357073591,22,slow,2024
 Autoparcheggio San Barnaba,45.459481889564515,9.196895875975416,22,slow,2024
Enterprise Hotel,45.4867005,9.1575137,22,slow,2024
Vittadini Park,45.44997842,9.19396221,22,slow,2024
S. Ambrogio Parking,45.46390174996123,9.175705189263898,22,slow,2024
Starhotels Rosa Grand,45.46383071,9.193996787,22,slow,2024
A2A Isola Digitale PoliMi,45.47919128334068,9.226239242598341,22,slow,2024
FREETOX Aeroporto di Milano Linate - Arrivi,45.4620456,9.278697346151374,50,fast,2024
 Baglioni Hotel Carlton - Milan,45.46923385865474,9.198595881143774,22,slow,2024
" Bulgari Hotels & Resorts, Milan",45.47014804,9.189403950849737,22,slow,2024
A2A Q8 Easy,45.48400708645978,9.142948986,22,slow,2024
A2A Isola Digitale Cadorna,45.46766119884971,9.177635599,22,slow,2024
A2A Isola Digitale Cinque Giornate,45.46274421926971,9.206955501,22,slow,2024
A2A Isola Digitale Largo Marinai D'Italia,45.45905877177736,9.214555540129469,22,slow,2024
A2A Isola Digitale  S.Agostino ,45.45875399197933,9.169606410905645,22,slow,2024
A2A Isola Digitale Bisceglie,45.45571268853142,9.112913229510115,22,slow,2024
A2A Isola Digitale Pagano,45.46849108003432,9.160211973830984,22,slow,2024
A2A Isola Digitale Piazza Amendola,45.473547080536406,9.151541063,22,slow,2024
A2A Isola Digitale Foro Buonaparte,45.46871304195429,9.183915996000097,22,slow,2024
A2A Isola Digitale Corso Como - Porta Garibaldi,45.481164081932704,9.185727157637404,22,slow,2024
A2A Isola Digitale Pirelli Gioia,45.48393791925422,9.196116023704336,22,slow,2024
A2A Isola Digitale Stazione Centrale,45.48478790850366,9.204744019552992,22,slow,2024
A2A  Isola Digitale Piazza Argentina,45.48407266183787,9.214261838242338,22,slow,2024
A2A  Isola Digitale Hoepli,45.46642688974372,9.192647927,22,slow,2024
A2A  Isola Digitale Porta Venezia,45.474703147703174,9.204557606026457,22,slow,2024
Parcheggio Zenale,45.46533184397872,9.170250115169537,22,slow,2024
Autorimessa Ariberto Lombarda Parking,45.457678598675194,9.175033190295027,50,fast,2024
Keropetrol,45.47096599999694,9.199625799995736,50,fast,2025
Parking Quinto Alpini,45.4723854,9.167665099996333,22,slow,2025
Caffè Mozart,45.468431400004405,9.1907137,50,fast,2025
nuova_colonnina,45.45719327192738,9.190728168795475,50,fast,2025
Central Parking,45.458528699996485,9.186016000003402,50,fast,2025
nuova_colonnina,45.46328700787923,9.177413412347882,22,slow,2025
nuova_colonnina,45.51865578745674,9.242217656353407,22,slow,2025
nuova_colonnina,45.503601699782756,9.220519911567477,22,slow,2025
nuova_colonnina,45.48799954054497,9.220467478063382,50,fast,2025
nuova_colonnina,45.513835150000745,9.224299250000726,50,fast,2025
nuova_colonnina,45.493739745306904,9.193997794467442,22,slow,2025
nuova_colonnina,45.48945176592374,9.196146926249996,22,slow,2025
nuova_colonnina,45.508953439494796,9.224348614549688,50,fast,2025
nuova_colonnina,45.51342502272248,9.230020340198655,22,slow,2025
nuova_colonnina,45.50363181944083,9.217696481606346,50,fast,2025
nuova_colonnina,45.50448630000237,9.227578799998383,22,slow,2025
nuova_colonnina,45.51882226,9.230773622390126,22,slow,2025
nuova_colonnina,45.47427516913298,9.245956923572509,22,slow,2025
Libera Scuola Rudolf Steiner,45.48454621163519,9.240668581499097,22,slow,2025
nuova_colonnina,45.48340170000252,9.219816800002722,22,slow,2025
nuova_colonnina,45.438961146806065,9.264541923483637,22,slow,2025
nuova_colonnina,45.44021508050808,9.263986248739627,22,slow,2025
SAN DONATO-EMILIA VIA SAN DONATO-EMILIA CORRISPONDENZA LINEA MM3,45.42813680000326,9.254368800002023,50,fast,2025
nuova_colonnina,45.44862822,9.230282453896121,50,fast,2025
nuova_colonnina,45.441514482529485,9.242134933477912,50,fast,2025
nuova_colonnina,45.426869739704706,9.250471848390328,22,slow,2025
nuova_colonnina,45.47078259577149,9.256239204198682,22,slow,2025
nuova_colonnina,45.44003879690866,9.242377829642054,22,slow,2025
nuova_colonnina,45.43733883020677,9.232520067310732,50,fast,2025
nuova_colonnina,45.43421975764591,9.250066934755813,22,slow,2025
nuova_colonnina,45.44536058552464,9.240583950873827,50,fast,2025
nuova_colonnina,45.46416085909483,9.257415240768333,50,fast,2025
Eni,45.42658210000405,9.202726600006004,50,fast,2025
Tamoil,45.420500051691846,9.202497383,50,fast,2025
nuova_colonnina,45.43410376812825,9.206150999355355,22,slow,2025
nuova_colonnina,45.43286491456627,9.171972119375056,22,slow,2025
nuova_colonnina,45.4361503,9.172151408004135,22,slow,2025
nuova_colonnina,45.44519781764021,9.184114371721968,50,fast,2025
nuova_colonnina,45.43647202986168,9.174689457,50,fast,2025
nuova_colonnina,45.43277615108361,9.219719275931539,50,fast,2025
Bocconi C Park,45.45053220000136,9.189833000004414,22,slow,2025
nuova_colonnina,45.420210208887354,9.156229001404949,150,ultrafast,2025
Agip,45.44526600000435,9.120571599997051,50,fast,2025
Esso,45.445297599997495,9.1623849,50,fast,2025
TotalErg,45.44131749999631,9.150056100003125,50,fast,2025
nuova_colonnina,45.431130299996276,9.156000999997298,22,slow,2025
Garage Internazionale,45.457512400000844,9.164035199997143,22,slow,2025
nuova_colonnina,45.44212499999645,9.117346600001067,50,fast,2025
nuova_colonnina,45.451596041150985,9.115457945808688,50,fast,2025
Tamoil,45.46015239999777,9.095917199995023,50,fast,2025
Esso,45.482140999996425,9.094157999999174,50,fast,2025
nuova_colonnina,45.475620587866345,9.102371479622507,22,slow,2025
IP,45.477763300004334,9.160636899993674,50,fast,2025
Eni,45.48368730000308,9.174471799998459,50,fast,2025
Eni,45.480700999997964,9.143393,50,fast,2025
nuova_colonnina,45.49523444333541,9.108431404537404,22,slow,2025
nuova_colonnina,45.503073874162915,9.101947700973772,22,slow,2025
nuova_colonnina,45.49825286178815,9.120566618806409,22,slow,2025
nuova_colonnina,45.471937755772785,9.156477578,50,fast,2025
nuova_colonnina,45.49521199999777,9.163463899996328,50,fast,2025
Corso Como 5 Lounge Bar,45.481764909987305,9.186228949692776,22,slow,2025
nuova_colonnina,45.486668999999246,9.196843000002795,22,slow,2025
Asilo Nido Ape Bombo,45.48239190493142,9.18479995,22,slow,2025
nuova_colonnina,45.501403025662135,9.154419100653971,50,fast,2025
nuova_colonnina,45.510532586495756,9.183622757256517,50,fast,2025
IP,45.46441400000031,9.200005400000823,50,fast,2026
nuova_colonnina,45.470424500003155,9.194593799995326,22,slow,2026
nuova_colonnina,45.46486750000294,9.197120099997077,22,slow,2026
nuova_colonnina,45.462728459510345,9.195919116427028,50,fast,2026
nuova_colonnina,45.476934699997294,9.185195699996115,50,fast,2026
IP,45.50462688385061,9.238215144894992,50,fast,2026
IP,45.49570110519678,9.195255385,50,fast,2026
Retitalia,45.516459299996875,9.225558599993962,50,fast,2026
nuova_colonnina,45.50946877894065,9.236362989,22,slow,2026
nuova_colonnina,45.49128430692142,9.216203249903284,22,slow,2026
nuova_colonnina,45.51463933053785,9.242247725837492,22,slow,2026
Parcheggi residenti Turro,45.498507387490775,9.227315486117826,22,slow,2026
nuova_colonnina,45.52048961318812,9.227437798239391,50,fast,2026
nuova_colonnina,45.48324779999767,9.201949999994131,22,slow,2026
nuova_colonnina,45.49055990991067,9.197318515637958,50,fast,2026
nuova_colonnina,45.49861186814274,9.197392939749685,50,fast,2026
nuova_colonnina,45.50367550962547,9.238089920339142,50,fast,2026
nuova_colonnina,45.485244000174156,9.199805341,22,slow,2026
nuova_colonnina,45.51450973985267,9.230943967,22,slow,2026
Retitalia,45.48098859999759,9.215048299993713,50,fast,2026
nuova_colonnina,45.47843965297406,9.227579929186703,50,fast,2026
nuova_colonnina,45.50060559999728,9.247593900002713,50,fast,2026
PoliRadio,45.47697424883606,9.229766375385646,50,fast,2026
nuova_colonnina,45.47456670987029,9.233174029708826,50,fast,2026
nuova_colonnina,45.49937263221853,9.245729217413102,50,fast,2026
nuova_colonnina,45.50608245,9.268382789609136,50,fast,2026
Esso,45.460793400001684,9.231658299994445,50,fast,2026
Keropetrol,45.45691559999633,9.241113699996678,50,fast,2026
IP,45.460769999996096,9.229031000005987,50,fast,2026
IP,45.45077420000281,9.226174300005852,50,fast,2026
nuova_colonnina,45.431345856117595,9.242975706370945,22,slow,2026
nuova_colonnina,45.46454987501103,9.254651917723647,22,slow,2026
nuova_colonnina,45.438890442095534,9.241428867,22,slow,2026
nuova_colonnina,45.45293324,9.230029498262358,22,slow,2026
nuova_colonnina,45.442057063420094,9.241555074524978,22,slow,2026
nuova_colonnina,45.42721915075838,9.250068894331564,50,fast,2026
nuova_colonnina,45.437832549997005,9.230348799998325,22,slow,2026
nuova_colonnina,45.462525625749066,9.216174002,50,fast,2026
Q8,45.398104200000944,9.210707600003433,50,fast,2026
Total,45.447634,9.183471000001237,50,fast,2026
Esso,45.42572280000182,9.202889300003166,50,fast,2026
Esso,45.43746900000418,9.1919161,50,fast,2026
Eni,45.43744961255245,9.192920243448539,50,fast,2026
nuova_colonnina,45.42799103538765,9.205775171698173,22,slow,2026
nuova_colonnina,45.443973792607615,9.178247829849907,22,slow,2026
nuova_colonnina,45.444799981509554,9.209467577319169,22,slow,2026
nuova_colonnina,45.444498916381285,9.204213472,22,slow,2026
nuova_colonnina,45.417071088309626,9.176311832,22,slow,2026
nuova_colonnina,45.41828814963399,9.174879945105078,22,slow,2026
nuova_colonnina,45.41308609516414,9.230849311495602,22,slow,2026
Poke House,45.44252257806217,9.205524948369986,22,slow,2026
nuova_colonnina,45.435568527675215,9.190534851180436,22,slow,2026
Q8,45.44447599999942,9.118009000000015,50,fast,2026
Eni,45.456347399998414,9.131969900002318,50,fast,2026
nuova_colonnina,45.45472000000146,9.132407000001654,50,fast,2026
nuova_colonnina,45.450571908452254,9.115959909980525,22,slow,2026
Il Buon Gelato di Orazio,45.45240429999659,9.150477299996329,22,slow,2026
Pianeta verde,45.43137298887032,9.126279820506108,22,slow,2026
Total,45.47141899999898,9.136268099998581,50,fast,2026
IP,45.450184999999784,9.096228999998633,50,fast,2026
Tamoil,45.46116540000116,9.163036200005445,50,fast,2026
Beyfin,45.48065770000409,9.100316799999412,50,fast,2026
Q8,45.4589919,9.1006241,50,fast,2026
Piad'Or - Piadine e non solo,45.46754810000132,9.152153500002782,22,slow,2026
nuova_colonnina,45.47069504747493,9.153961024300681,22,slow,2026
nuova_colonnina,45.494399623280806,9.132860119762078,150,ultrafast,2026
Q8,45.51261750000205,9.136692900005444,50,fast,2026
Q8,45.49814490000144,9.131019899999291,50,fast,2026
Tamoil,45.49525780000394,9.148003800004647,50,fast,2026
Q8,45.50515099999889,9.105176999995136,50,fast,2026
nuova_colonnina,45.52208943563305,9.125919861,22,slow,2026
nuova_colonnina,45.49611638666014,9.116756241,22,slow,2026
nuova_colonnina,45.49334171400572,9.107382310744729,22,slow,2026
nuova_colonnina,45.50242149999625,9.096243000000042,22,slow,2026
nuova_colonnina,45.501696693397214,9.102077850584795,22,slow,2026
nuova_colonnina,45.499010446239716,9.106804037,50,fast,2026
nuova_colonnina,45.488347919972256,9.164767465,22,slow,2026
nuova_colonnina,45.48307140392271,9.153216103,50,fast,2026
nuova_colonnina,45.48135280000381,9.169150999997845,22,slow,2026
nuova_colonnina,45.48516692814887,9.150036228111132,22,slow,2026
nuova_colonnina,45.49456850757924,9.107661589744739,22,slow,2026
nuova_colonnina,45.493895840866045,9.107513629522582,22,slow,2026
Eni,45.49780849999653,9.167012999999432,50,fast,2026
nuova_colonnina,45.520317735526916,9.176742486452726,50,fast,2026
nuova_colonnina,45.51973770000009,9.199125899994211,22,slow,2026
nuova_colonnina,45.52100380000222,9.172451899997974,22,slow,2026
nuova_colonnina,45.498884597959695,9.189188853344248,22,slow,2026
Bovisa Via Bovisa corrispondenza linea interscambio con Fnm,45.50211629999858,9.160924000005497,50,fast,2026
nuova_colonnina,45.482491500000556,9.188459900004354,50,fast,2026
nuova_colonnina,45.50456795723214,9.172750171052723,22,slow,2026
nuova_colonnina,45.531387840128495,9.161777657490028,22,slow,2026
nuova_colonnina,45.529378300002946,9.1665906,50,fast,2026
Eni,45.456985399995894,9.171072800001603,50,fast,2027
nuova_colonnina,45.457997199996385,9.204044400005738,22,slow,2027
Pam,45.46090460000056,9.1732644,22,slow,2027
Mar'è,45.46267940000302,9.199126149994864,22,slow,2027
Dott. Martinelli Daniele,45.45748569002487,9.169716469742648,22,slow,2027
nuova_colonnina,45.50714559327832,9.249788955953463,150,ultrafast,2027
Eni,45.501285462390385,9.209440866220781,50,fast,2027
nuova_colonnina,45.485725699998135,9.209645700001838,22,slow,2027
nuova_colonnina,45.514136676514575,9.248085607274636,22,slow,2027
nuova_colonnina,45.50268019710293,9.222106912507575,22,slow,2027
nuova_colonnina,45.48825202070325,9.204703982536985,50,fast,2027
nuova_colonnina,45.50055494373487,9.239090499321991,22,slow,2027
nuova_colonnina,45.51648592,9.242287315113982,22,slow,2027
nuova_colonnina,45.51344814573862,9.238115231444725,50,fast,2027
nuova_colonnina,45.50082674735988,9.212233684773647,50,fast,2027
nuova_colonnina,45.505500322483755,9.220689743890825,22,slow,2027
Esso,45.486256,9.244254999995569,50,fast,2027
IP,45.50650379999801,9.2591386,50,fast,2027
nuova_colonnina,45.48306499271753,9.237347781407461,22,slow,2027
nuova_colonnina,45.475663415844636,9.233944726174295,50,fast,2027
Indipendente,45.44786910000169,9.223651,50,fast,2027
Esso,45.43943090000122,9.224775299998301,50,fast,2027
Eni,45.453112100003715,9.254385999999595,50,fast,2027
nuova_colonnina,45.44461665987512,9.231727999227534,22,slow,2027
nuova_colonnina,45.46297823140225,9.255451925678818,22,slow,2027
nuova_colonnina,45.434119236691664,9.246548551006828,22,slow,2027
nuova_colonnina,45.45063240398084,9.231454036423507,22,slow,2027
nuova_colonnina,45.449647654551505,9.229892037,50,fast,2027
nuova_colonnina,45.45051607737102,9.229981914530724,50,fast,2027
nuova_colonnina,45.46027817719332,9.249008048789666,50,fast,2027
nuova_colonnina,45.457645129904726,9.240610375273683,50,fast,2027
nuova_colonnina,45.45483492687713,9.247813432447012,50,fast,2027
nuova_colonnina,45.43276474642131,9.245269564613096,50,fast,2027
nuova_colonnina,45.43675612377894,9.171444264,150,ultrafast,2027
Grifo,45.430674900000454,9.177997199995936,50,fast,2027
Q8,45.43392800000238,9.191948700002557,50,fast,2027
Clinica Veterinaria Tibaldi,45.44337085801974,9.181935589116256,22,slow,2027
nuova_colonnina,45.41193838,9.207614380088364,22,slow,2027
nuova_colonnina,45.43777135071045,9.197189357,22,slow,2027
nuova_colonnina,45.40435572115731,9.169983432806502,22,slow,2027
nuova_colonnina,45.41482215,9.240876950003399,50,fast,2027
nuova_colonnina,45.44652334441734,9.177994607122073,50,fast,2027
nuova_colonnina,45.42321075513364,9.175457126,22,slow,2027
nuova_colonnina,45.442463199996645,9.192082750006307,50,fast,2027
nuova_colonnina,45.418337207671016,9.239463362,50,fast,2027
nuova_colonnina,45.435016599999884,9.201748599995224,50,fast,2027
"Casa Reclusione Milano-Opera ""I C.R.""",45.39699683172845,9.207056144989586,22,slow,2027
nuova_colonnina,45.40176637003587,9.173464764453072,50,fast,2027
nuova_colonnina,45.41872824157313,9.154818504590052,50,fast,2027
Agip,45.45670999999577,9.122361000004728,50,fast,2027
nuova_colonnina,45.46030200000298,9.1433714,50,fast,2027
Avenue Cafe,45.437123218867605,9.162032028119746,22,slow,2027
nuova_colonnina,45.44161524775137,9.158701233,50,fast,2027
nuova_colonnina,45.45544754,9.148138813831245,22,slow,2027
nuova_colonnina,45.44758577740427,9.142178512699138,50,fast,2027
nuova_colonnina,45.50286885709586,9.066686329863598,150,ultrafast,2027
Q8,45.45739900000091,9.094883,50,fast,2027
IP,45.470658400002684,9.151947899995026,50,fast,2027
Esso,45.46006479999822,9.112810400002155,50,fast,2027
Q8,45.495239999995576,9.113299000005151,50,fast,2027
IES,45.491892999999344,9.162253999997565,50,fast,2027
nuova_colonnina,45.5000746,9.104905933,22,slow,2027
nuova_colonnina,45.50298333,9.104686810366813,22,slow,2027
nuova_colonnina,45.49473821268006,9.112647674,22,slow,2027
nuova_colonnina,45.50199114676761,9.101445122533502,22,slow,2027
nuova_colonnina,45.49319481,9.112908787481373,22,slow,2027
nuova_colonnina,45.49012550858116,9.148564818056844,50,fast,2027
nuova_colonnina,45.48785683944897,9.162431675576512,22,slow,2027
nuova_colonnina,45.48558680861383,9.180256670922637,50,fast,2027
Esso,45.50601799999723,9.197790199994744,50,fast,2027
Esso,45.50475590000032,9.169081500005557,50,fast,2027
Esso,45.51653336775712,9.206950600716958,50,fast,2027
@pump,45.4973264,9.1798725,50,fast,2027
Esso,45.49646709999717,9.173092400003783,50,fast,2027
nuova_colonnina,45.50604720000285,9.194737599994376,22,slow,2027
nuova_colonnina,45.524436799998156,9.175713899998714,22,slow,2027
nuova_colonnina,45.50276440000341,9.189126200006221,22,slow,2027
Paninoteca,45.494142387207305,9.188330890170207,50,fast,2027
nuova_colonnina,45.482262030931274,9.18623135,22,slow,2027
nuova_colonnina,45.50256891368953,9.177208123931647,50,fast,2027
Duomo Parking,45.45925830000356,9.185549499997702,22,slow,2028
Parcheggio Nerino 6,45.46166089999834,9.183798700001764,22,slow,2028
nuova_colonnina,45.51460634925008,9.242935285648763,22,slow,2028
nuova_colonnina,45.49221072207628,9.199243946357063,50,fast,2028
nuova_colonnina,45.486485978010435,9.215285211196441,22,slow,2028
SelfService,45.49927968778907,9.231290172117147,50,fast,2028
nuova_colonnina,45.491679335060596,9.226336612,22,slow,2028
nuova_colonnina,45.49267351942571,9.229692825931243,22,slow,2028
nuova_colonnina,45.51628938378235,9.248548660486623,22,slow,2028
nuova_colonnina,45.48945673476735,9.195498292,22,slow,2028
nuova_colonnina,45.51381987564914,9.221238323065082,22,slow,2028
nuova_colonnina,45.510571450040814,9.222410255272777,22,slow,2028
nuova_colonnina,45.49769262625655,9.20792676,50,fast,2028
nuova_colonnina,45.50499760000038,9.227262299997596,22,slow,2028
nuova_colonnina,45.496539575012115,9.235767001446023,22,slow,2028
Eni,45.486244757857605,9.229524432517241,50,fast,2028
nuova_colonnina,45.47794400000178,9.247703300005135,22,slow,2028
nuova_colonnina,45.485533369107486,9.238214424452808,50,fast,2028
nuova_colonnina,45.47644297260471,9.228096224,50,fast,2028
nuova_colonnina,45.50029599728757,9.246414976048895,22,slow,2028
nuova_colonnina,45.43340486403591,9.262610537502246,150,ultrafast,2028
IP,45.424365199996934,9.249681299995476,50,fast,2028
nuova_colonnina,45.42659594063904,9.252039229509709,22,slow,2028
nuova_colonnina,45.45306589524293,9.251658766843594,22,slow,2028
nuova_colonnina,45.43835019338379,9.245139573,22,slow,2028
nuova_colonnina,45.44037113640107,9.243583868052072,50,fast,2028
nuova_colonnina,45.44121178881493,9.244596091328052,50,fast,2028
nuova_colonnina,45.44149009260569,9.245184253462826,22,slow,2028
nuova_colonnina,45.45002758951245,9.231392006181027,50,fast,2028
nuova_colonnina,45.43208181182066,9.241685860329458,22,slow,2028
nuova_colonnina,45.43308901753875,9.243665198057265,50,fast,2028
nuova_colonnina,45.46175795528415,9.222388474871742,22,slow,2028
nuova_colonnina,45.432463137837715,9.231714718404794,22,slow,2028
nuova_colonnina,45.44058884165435,9.221311812380343,22,slow,2028
Eni,45.44690134672553,9.201127698181343,50,fast,2028
Total,45.44912000000073,9.186028999994862,50,fast,2028
IP,45.43267940000068,9.173614899999055,50,fast,2028
Adige Parking,45.448462283972326,9.204726831910232,22,slow,2028
Asilo nido La casetta di Cucciolo,45.43887370067934,9.192725899276336,22,slow,2028
nuova_colonnina,45.44429442608937,9.206238464937053,22,slow,2028
nuova_colonnina,45.427859190092654,9.204669659264944,22,slow,2028
nuova_colonnina,45.41515596966661,9.173255623766652,50,fast,2028
nuova_colonnina,45.41755192263932,9.237721041422517,50,fast,2028
nuova_colonnina,45.42245322898171,9.177957933090202,50,fast,2028
Esselunga,45.42109415869299,9.177266081265016,50,fast,2028
nuova_colonnina,45.43196208721339,9.182633888457637,22,slow,2028
nuova_colonnina,45.43545076414399,9.214020919,22,slow,2028
Carrefour,45.432433126585344,9.169782461623278,50,fast,2028
nuova_colonnina,45.41535142805604,9.180904790400547,22,slow,2028
nuova_colonnina,45.417621057984995,9.240578505370978,22,slow,2028
Eni,45.454645399998476,9.152728500001718,50,fast,2028
IP,45.43746489999631,9.156429799996445,50,fast,2028
Q8 Easy,45.445635900002365,9.161445599995535,50,fast,2028
Q8,45.43947530000328,9.152576399995569,50,fast,2028
nuova_colonnina,45.429594400001626,9.1506661,22,slow,2028
nuova_colonnina,45.43160449916985,9.153973350656232,22,slow,2028
Parcheggio Sotterraneo,45.445099112347464,9.124578554012114,22,slow,2028
nuova_colonnina,45.43337232164113,9.157695296436192,50,fast,2028
TotalErg,45.46916000000152,9.127187000001484,50,fast,2028
Esso,45.47631699999725,9.131457100004901,50,fast,2028
Q8,45.46991820000274,9.124676399998044,50,fast,2028
Q8,45.460307000001755,9.109655999995407,50,fast,2028
Q8,45.456761703637454,9.072254008835234,50,fast,2028
Agip,45.48028080000116,9.101124300002562,50,fast,2028
nuova_colonnina,45.46160818274544,9.096909652359416,22,slow,2028
nuova_colonnina,45.46101689999695,9.155956100002497,50,fast,2028
Erg,45.51462100000064,9.137641999997827,50,fast,2028
Tamoil,45.49460500000009,9.124312000003796,50,fast,2028
Keropetrol,45.48343959999857,9.159931899993865,50,fast,2028
Eni,45.49336420000379,9.156130499996046,50,fast,2028
TotalErg,45.48543770000386,9.130015899998034,50,fast,2028
Esso,45.502978000000674,9.138682999994842,50,fast,2028
nuova_colonnina,45.51191270000294,9.136942800001583,50,fast,2028
nuova_colonnina,45.48894579999987,9.163556600002137,22,slow,2028
nuova_colonnina,45.50376214028929,9.107047260602583,22,slow,2028
nuova_colonnina,45.504214046012024,9.103084002302705,22,slow,2028
LAMPUGNANO VIA LAMPUGNANO CORRISPONDENZA LINEA MM1,45.48809300000015,9.128172,22,slow,2028
Eni,45.497063499995974,9.183771499999986,50,fast,2028
nuova_colonnina,45.500321439308166,9.156318597227024,50,fast,2028
nuova_colonnina,45.51877919720072,9.193535595671941,22,slow,2028
nuova_colonnina,45.49335232464177,9.191306130985144,22,slow,2028
nuova_colonnina,45.50875861913303,9.18823696,50,fast,2028
nuova_colonnina,45.521452912268245,9.164442336295355,22,slow,2028
nuova_colonnina,45.51117783007671,9.189517766693815,50,fast,2028
nuova_colonnina,45.520329579198894,9.217719504964636,22,slow,2028
nuova_colonnina,45.46449129999952,9.196741900001854,22,slow,2029
Garage Meravigli,45.466243400004494,9.183797300001617,22,slow,2029
nuova_colonnina,45.459901899998165,9.169220499995221,50,fast,2029
nuova_colonnina,45.47765229999702,9.191577800006032,22,slow,2029
nuova_colonnina,45.47869750000169,9.177259899994604,50,fast,2029
Car Central Parking,45.46052369999965,9.192485400000201,22,slow,2029
Parcheggio Coperto,45.478387700003864,9.173771700003021,22,slow,2029
Tamoil,45.50039479999631,9.235903100005414,50,fast,2029
nuova_colonnina,45.510470363975074,9.253955898349274,22,slow,2029
nuova_colonnina,45.49402360911858,9.228225190773102,22,slow,2029
nuova_colonnina,45.51684562919442,9.252381451,50,fast,2029
nuova_colonnina,45.49700259999736,9.204546450005212,22,slow,2029
nuova_colonnina,45.510519480019745,9.247175582,22,slow,2029
nuova_colonnina,45.506749069562616,9.210477537,22,slow,2029
nuova_colonnina,45.49581384702622,9.203504426882056,22,slow,2029
nuova_colonnina,45.51759447958707,9.222865185163139,50,fast,2029
nuova_colonnina,45.489029000003704,9.209078799997757,22,slow,2029
nuova_colonnina,45.492814799997745,9.228100400002585,50,fast,2029
nuova_colonnina,45.50638940368378,9.260901939319712,150,ultrafast,2029
Total,45.47746600000116,9.218751999999633,50,fast,2029
nuova_colonnina,45.47099210000203,9.253790100001712,50,fast,2029
nuova_colonnina,45.48693929999806,9.212581700005234,22,slow,2029
nuova_colonnina,45.47750000000414,9.229956699995173,22,slow,2029
Garage Sangallo,45.471315100001526,9.228947800006292,22,slow,2029
nuova_colonnina,45.47940330000416,9.220184600002117,22,slow,2029
nuova_colonnina,45.48037948034914,9.249225751601061,50,fast,2029
Esso,45.45602899999883,9.230087900000045,50,fast,2029
nuova_colonnina,45.467904900003546,9.215928400002193,50,fast,2029
Esso,45.43613760000156,9.233009300004774,50,fast,2029
Eni,45.451498600000996,9.217775100001562,50,fast,2029
IP,45.46544990000082,9.235221400004098,50,fast,2029
nuova_colonnina,45.439729658271595,9.263951765,22,slow,2029
nuova_colonnina,45.432036663856415,9.243667001607252,22,slow,2029
nuova_colonnina,45.44133685772827,9.262211423945562,22,slow,2029
nuova_colonnina,45.44786358938971,9.213618268911725,22,slow,2029
nuova_colonnina,45.463157184502215,9.226162119704927,22,slow,2029
nuova_colonnina,45.46874773852896,9.248779963440185,50,fast,2029
nuova_colonnina,45.43413505386546,9.236642458341581,50,fast,2029
Q8,45.43474920000428,9.174309200000117,50,fast,2029
IP,45.451876000003196,9.193995299999301,50,fast,2029
Cantalupa Est,45.42119121654234,9.158842445443591,50,fast,2029
StarOil,45.449683600001194,9.190600400004866,50,fast,2029
nuova_colonnina,45.43682599731899,9.192811575619258,22,slow,2029
nuova_colonnina,45.41448825903405,9.163194732,22,slow,2029
Parcheggio Esselunga,45.44290005242584,9.196284007313746,50,fast,2029
nuova_colonnina,45.43689863798838,9.191337114021731,50,fast,2029
nuova_colonnina,45.45011843128992,9.185646189169852,22,slow,2029
nuova_colonnina,45.44256919981257,9.197469012625591,50,fast,2029
nuova_colonnina,45.44162331745587,9.190253048370318,22,slow,2029
nuova_colonnina,45.41692888,9.241884184,50,fast,2029
nuova_colonnina,45.41299198,9.165658443063574,22,slow,2029
Api,45.45287270000103,9.133938599994659,50,fast,2029
Cantalupa Ovest,45.4190858,9.155328300001353,50,fast,2029
Antognazza Garage,45.45371050000292,9.173095200000876,22,slow,2029
nuova_colonnina,45.45228772,9.108339393633628,50,fast,2029
Cake l’HUB,45.45355864084183,9.106458686301066,50,fast,2029
Keropetrol,45.46282630000142,9.1516181,50,fast,2029
Esso,45.46763999999779,9.141845000005638,50,fast,2029
Agip,45.46023487311489,9.099032971421668,50,fast,2029
nuova_colonnina,45.46213495,9.096700296427287,50,fast,2029
nuova_colonnina,45.46127201471867,9.128365794072781,22,slow,2029
nuova_colonnina,45.50187585450123,9.130966122,150,ultrafast,2029
MAS,45.50656840000154,9.096850599994905,50,fast,2029
nuova_colonnina,45.48086370000246,9.169968799998475,50,fast,2029
nuova_colonnina,45.52266898355376,9.101014871348017,22,slow,2029
nuova_colonnina,45.49756469803051,9.120689042264718,22,slow,2029
nuova_colonnina,45.50361947004358,9.096492505118253,22,slow,2029
nuova_colonnina,45.498443927316714,9.114722782078843,22,slow,2029
nuova_colonnina,45.497685956154335,9.115219473424474,22,slow,2029
nuova_colonnina,45.49059290000214,9.100441749998936,50,fast,2029
nuova_colonnina,45.49070460373236,9.121479202107414,22,slow,2029
nuova_colonnina,45.49521263252147,9.125695947381232,22,slow,2029
nuova_colonnina,45.51439403824758,9.148052135,50,fast,2029
nuova_colonnina,45.48916509999581,9.148009100006218,50,fast,2029
MOLINO DORINO VIA MOLINO DORINO CORRISPONDENZA LINEA MM1,45.50519140000098,9.095016099996897,22,slow,2029
COIL,45.49826989999584,9.167314299999905,50,fast,2029
Esso,45.504254000004174,9.180760999998592,50,fast,2029
Q8,45.51227603548182,9.175036577845466,50,fast,2029
Costantin,45.52269660000033,9.174702399998745,50,fast,2029
TotalErg,45.50305890000227,9.164375899995674,50,fast,2029
nuova_colonnina,45.52218666982147,9.195269422175022,22,slow,2029
nuova_colonnina,45.484792287306504,9.186222876659937,50,fast,2029
nuova_colonnina,45.5279057,9.158581,50,fast,2029
nuova_colonnina,45.50905937808069,9.185872403198623,50,fast,2029
nuova_colonnina,45.509050330026724,9.183837438621724,50,fast,2029
nuova_colonnina,45.51218000116149,9.186729815921549,22,slow,2029
Osteria Del Sass,45.51315843072673,9.154681905,22,slow,2029
nuova_colonnina,45.51453789999767,9.186501099994159,22,slow,2029
IP,45.465660999999464,9.165772999999158,50,fast,2030
IP,45.47792700000245,9.195895999999928,50,fast,2030
Sweet Coffee Bar,45.471537800000554,9.194426799993835,22,slow,2030
nuova_colonnina,45.47986539999573,9.189503500000319,22,slow,2030
nuova_colonnina,45.472843499997765,9.186787600006232,22,slow,2030
nuova_colonnina,45.47642040000276,9.182936099994766,50,fast,2030
nuova_colonnina,45.51273930486277,9.260424687271115,150,ultrafast,2030
IP,45.49535148730094,9.228618715335177,50,fast,2030
Esso,45.49140109999649,9.225578099995236,50,fast,2030
Eni,45.495508300463044,9.195982502385261,50,fast,2030
Q8,45.51098655657185,9.253978070327475,50,fast,2030
Esso,45.49955941658563,9.239905349176198,50,fast,2030
Tamoil,45.488945400003935,9.210392299994282,50,fast,2030
nuova_colonnina,45.50598258362993,9.232611497911158,22,slow,2030
nuova_colonnina,45.50115734,9.223027048881628,22,slow,2030
nuova_colonnina,45.493861783850654,9.209053501068748,22,slow,2030
nuova_colonnina,45.47918251347204,9.199811213364868,22,slow,2030
nuova_colonnina,45.50430856858277,9.211851655004585,22,slow,2030
nuova_colonnina,45.51665839377899,9.229731839477083,50,fast,2030
nuova_colonnina,45.49130366,9.198405733418072,22,slow,2030
nuova_colonnina,45.50444478153081,9.232244935184683,22,slow,2030
nuova_colonnina,45.504625707105795,9.234189171539779,22,slow,2030
nuova_colonnina,45.49901934999848,9.205209749997127,50,fast,2030
nuova_colonnina,45.485147511280346,9.208260125699603,50,fast,2030
nuova_colonnina,45.50884782759974,9.247221370089362,22,slow,2030
nuova_colonnina,45.50166811854775,9.228984720122572,50,fast,2030
nuova_colonnina,45.50459260970146,9.230466237123895,22,slow,2030
Q8,45.48582610159501,9.239739249671901,50,fast,2030
IP,45.472973000001325,9.234498100003727,50,fast,2030
Gypsian,45.47941778011465,9.247226343019316,22,slow,2030
nuova_colonnina,45.477766619615544,9.227430337821204,50,fast,2030
CASCINA GOBBA VIA CASCINA GOBBA CORRISPONDENZA  LINEA MM2,45.50906490000204,9.260868599998963,22,slow,2030
nuova_colonnina,45.47857909389757,9.229407113606065,50,fast,2030
nuova_colonnina,45.510399313203116,9.260299097408506,22,slow,2030
nuova_colonnina,45.50387917746979,9.247954404573864,22,slow,2030
Indipend.,45.462225980886956,9.256406213071598,50,fast,2030
Eni,45.44397960000389,9.223729300004143,50,fast,2030
Q8,45.45600200000144,9.2264461,50,fast,2030
nuova_colonnina,45.43099942639432,9.258772278,22,slow,2030
nuova_colonnina,45.4393095,9.263653573640953,22,slow,2030
nuova_colonnina,45.429229896721395,9.254561511088903,22,slow,2030
nuova_colonnina,45.44881637492814,9.230934089180824,50,fast,2030
nuova_colonnina,45.45503297,9.233174253870839,22,slow,2030
nuova_colonnina,45.45029999792008,9.232411557255913,50,fast,2030
nuova_colonnina,45.44215144595163,9.240771983,50,fast,2030
nuova_colonnina,45.455254950018904,9.230903469,50,fast,2030
nuova_colonnina,45.431761987803675,9.242355625792257,50,fast,2030
nuova_colonnina,45.436413394808454,9.246181197703848,50,fast,2030
nuova_colonnina,45.43542686185907,9.243597318,22,slow,2030
nuova_colonnina,45.43502922120365,9.242555011458691,22,slow,2030
nuova_colonnina,45.44188239241149,9.239307771670012,50,fast,2030
nuova_colonnina,45.43615084720183,9.234085356727597,50,fast,2030
Consorzio Autostazione Merci di Milano,45.44965861368747,9.259598873,50,fast,2030
Eni,45.43585999999773,9.201098000001307,50,fast,2030
Maxcom,45.416889000002044,9.205298000001205,50,fast,2030
nuova_colonnina,45.42442916257432,9.168051073490377,22,slow,2030
nuova_colonnina,45.413205609178206,9.205676077152683,22,slow,2030
nuova_colonnina,45.406031448139984,9.170374414654868,22,slow,2030
nuova_colonnina,45.43329816320973,9.178465314301661,22,slow,2030
Biblioteca Comunale Chiesa Rossa,45.43015784258981,9.173847652,22,slow,2030
nuova_colonnina,45.40302006677136,9.182746894150197,50,fast,2030
nuova_colonnina,45.428791876118666,9.200977075851878,50,fast,2030
nuova_colonnina,45.43632295611355,9.206461559573984,22,slow,2030
Università Bocconi,45.45003850000036,9.188161300005598,50,fast,2030
nuova_colonnina,45.43986653876364,9.207268742667045,22,slow,2030
Chiesa parrocchiale di Maria Madre della Chiesa,45.407480384096154,9.173390172,50,fast,2030
Morbido (Quark),45.43455959999842,9.1905467,50,fast,2030
nuova_colonnina,45.418974599996346,9.157581200000399,50,fast,2030
Esso,45.44377749999987,9.168733900003428,50,fast,2030
nuova_colonnina,45.430215499996464,9.151513700000413,22,slow,2030
nuova_colonnina,45.45390290000002,9.113531600004773,22,slow,2030
nuova_colonnina,45.440354728432794,9.118540543675739,50,fast,2030
TotalErg,45.476176100001176,9.136846499995412,50,fast,2030
Tamoil,45.46421089999663,9.141954999996798,50,fast,2030
Q8,45.46996050000273,9.144380100003712,50,fast,2030
Q8,45.460698500001705,9.1489531,50,fast,2030
Esso,45.46722200000098,9.137499999994242,50,fast,2030
nuova_colonnina,45.47792376690785,9.104241037020207,22,slow,2030
nuova_colonnina,45.460270111776474,9.101891080327226,22,slow,2030
nuova_colonnina,45.502124816555146,9.104983001,22,slow,2030
nuova_colonnina,45.490153216633544,9.116241408413394,22,slow,2030
nuova_colonnina,45.49127493,9.121899075446109,22,slow,2030
Farmacia Gi.Due,45.49849136567928,9.103853678438568,22,slow,2030
nuova_colonnina,45.49234117,9.110320259,22,slow,2030
nuova_colonnina,45.48155394100184,9.149249675699535,50,fast,2030
nuova_colonnina,45.499509434767134,9.102785958747704,50,fast,2030
IP,45.51544509999601,9.172423799997127,50,fast,2030
IP,45.49671750000362,9.169599200003221,50,fast,2030
Eni,45.52427640000234,9.165699099993851,50,fast,2030
Porta Nuova Varesine,45.48066820000076,9.195478699994514,50,fast,2030
nuova_colonnina,45.51335289999808,9.173624299996659,50,fast,2030
nuova_colonnina,45.503946900001374,9.178029200001886,22,slow,2030
nuova_colonnina,45.50184079306744,9.175548347775134,50,fast,2030
Il salotto di Milano,45.4661561,9.189303900001306,22,slow,2031
Caffè in giardino,45.47232570000278,9.172760400002566,50,fast,2031
nuova_colonnina,45.46244150000265,9.2057584,50,fast,2031
nuova_colonnina,45.47646598728523,9.166913625730789,22,slow,2031
Eni,45.51364420042484,9.263024622,50,fast,2031
TotalErg,45.51810446487177,9.22668061,50,fast,2031
Tamoil,45.49039479999637,9.2069482,50,fast,2031
nuova_colonnina,45.49035368752474,9.223379899993237,22,slow,2031
nuova_colonnina,45.48943288293924,9.205907947881327,50,fast,2031
nuova_colonnina,45.48695287902008,9.215601903,22,slow,2031
nuova_colonnina,45.48260189999826,9.201304699994466,50,fast,2031
nuova_colonnina,45.51425041514362,9.228319038597999,50,fast,2031
nuova_colonnina,45.492993478139894,9.213312402521124,50,fast,2031
Q8,45.473103,9.244877000005655,50,fast,2031
Tamoil,45.47796590000437,9.224026699997589,50,fast,2031
Tamoil,45.48928249999684,9.223743299996292,50,fast,2031
nuova_colonnina,45.47694995,9.227651600003888,50,fast,2031
nuova_colonnina,45.47844469999718,9.2081176,50,fast,2031
nuova_colonnina,45.50722534024661,9.267513906,50,fast,2031
nuova_colonnina,45.50715998,9.263517383787207,50,fast,2031
nuova_colonnina,45.46959094458131,9.245637192,50,fast,2031
nuova_colonnina,45.430349193081696,9.242009267095233,150,ultrafast,2031
nuova_colonnina,45.45808176984097,9.250913792120642,150,ultrafast,2031
Q8,45.42622297,9.250568191226966,50,fast,2031
Tamoil,45.43587999999808,9.231709999995969,50,fast,2031
nuova_colonnina,45.430075602163626,9.257126907492351,22,slow,2031
nuova_colonnina,45.434640668784084,9.226511516622496,22,slow,2031
nuova_colonnina,45.42736410918081,9.251210211559108,22,slow,2031
nuova_colonnina,45.45085351,9.212179267428798,22,slow,2031
nuova_colonnina,45.46632410035887,9.232439886721606,22,slow,2031
nuova_colonnina,45.447721687010606,9.230668905599334,22,slow,2031
nuova_colonnina,45.45557740245592,9.231999854,50,fast,2031
nuova_colonnina,45.43115134040759,9.243599630399933,22,slow,2031
nuova_colonnina,45.44395270969937,9.246869676,22,slow,2031
nuova_colonnina,45.43493003868141,9.239819532065338,50,fast,2031
nuova_colonnina,45.43777621982861,9.242565984,50,fast,2031
nuova_colonnina,45.43381190000062,9.244539750001083,50,fast,2031
nuova_colonnina,45.43584065882816,9.235065145073797,50,fast,2031
nuova_colonnina,45.43206464865932,9.246411616737532,22,slow,2031
nuova_colonnina,45.46983393870235,9.255452475018549,22,slow,2031
nuova_colonnina,45.43451960544706,9.262939223425047,22,slow,2031
nuova_colonnina,45.43176711469607,9.260272313441451,22,slow,2031
Keropetrol,45.39867079999877,9.209786699996211,50,fast,2031
Vega,45.40896910000421,9.174922499994233,50,fast,2031
nuova_colonnina,45.44624703400171,9.202530189620655,22,slow,2031
nuova_colonnina,45.40382975570452,9.170971297093903,50,fast,2031
nuova_colonnina,45.42210400000046,9.203085099996827,22,slow,2031
nuova_colonnina,45.41904223021018,9.175139338694196,50,fast,2031
nuova_colonnina,45.42973373,9.169370212101748,22,slow,2031
nuova_colonnina,45.43246714252885,9.202503095,22,slow,2031
nuova_colonnina,45.43398065098056,9.201301131306986,22,slow,2031
nuova_colonnina,45.42929926483985,9.166215373,22,slow,2031
nuova_colonnina,45.41607015000292,9.240428200003784,22,slow,2031
nuova_colonnina,45.436085414564474,9.173187214,50,fast,2031
nuova_colonnina,45.433114166336125,9.220367775315498,22,slow,2031
Centro Medico Barone,45.41230307043714,9.171836876873163,50,fast,2031
nuova_colonnina,45.42821192547123,9.202951726368283,22,slow,2031
Eni,45.43838950000349,9.153077299995182,50,fast,2031
Q8,45.44514019999687,9.119824499995465,50,fast,2031
Eni,45.44498800000158,9.121383000000655,50,fast,2031
Q8,45.442162378050526,9.148039524592711,50,fast,2031
TotalErg,45.437720000002344,9.123164000005016,50,fast,2031
IP,45.43670299999831,9.164620000001932,50,fast,2031
nuova_colonnina,45.43188757450276,9.161815823,22,slow,2031
nuova_colonnina,45.45937476456067,9.127618713013746,22,slow,2031
nuova_colonnina,45.45289625075124,9.107048681646079,50,fast,2031
nuova_colonnina,45.45558610000337,9.143943799995037,50,fast,2031
nuova_colonnina,45.43986292363562,9.137412467935539,50,fast,2031
nuova_colonnina,45.43942319760487,9.137838162067187,50,fast,2031
nuova_colonnina,45.43219527855054,9.149007805125962,50,fast,2031
nuova_colonnina,45.43771955129792,9.141598329131352,22,slow,2031
Tamoil,45.463892799998554,9.157045000000288,50,fast,2031
Q8,45.471594000003435,9.121666999996089,50,fast,2031
Q8,45.47183509999552,9.117272899999966,50,fast,2031
nuova_colonnina,45.501886042605406,9.068370216109775,50,fast,2031
nuova_colonnina,45.481269299999376,9.106188100002644,22,slow,2031
Leone,45.50511799999936,9.10412,50,fast,2031
IP,45.492445499998134,9.146903900002679,50,fast,2031
Esso,45.488801,9.154918499994226,50,fast,2031
Keropetrol,45.48973619999596,9.169559299997246,50,fast,2031
Eni,45.480337,9.165474999998782,50,fast,2031
nuova_colonnina,45.49496175000379,9.11108615,22,slow,2031
nuova_colonnina,45.502228641994286,9.095424657,22,slow,2031
nuova_colonnina,45.49066374989602,9.119857704592796,22,slow,2031
nuova_colonnina,45.48783789658184,9.163073304110345,50,fast,2031
nuova_colonnina,45.490481161451136,9.148096017626003,22,slow,2031
Q8,45.496681399999986,9.191425500006316,50,fast,2031
Sia Fuel,45.51838460000015,9.1543166,50,fast,2031
Esso,45.53043580000096,9.1639989,50,fast,2031
Esso,45.53089069999865,9.162808599994348,50,fast,2031
Esselunga,45.51184760000186,9.1736328,22,slow,2031
Esselunga,45.49876060000235,9.195831100005945,22,slow,2031
Banca Popolare di Sondrio,45.51477420000094,9.2125231,50,fast,2031
nuova_colonnina,45.50483101464575,9.166622889,50,fast,2031
nuova_colonnina,45.498626300001085,9.166194400000153,22,slow,2031
nuova_colonnina,45.518281099996514,9.165926999996088,50,fast,2031
nuova_colonnina,45.50942793387728,9.187861700528531,50,fast,2031
nuova_colonnina,45.511583900003195,9.186563200005867,50,fast,2031
Farmacia Bovisasca,45.516142029106796,9.155316361814092,50,fast,2031
nuova_colonnina,45.529695700000296,9.167433499995923,22,slow,2031
nuova_colonnina,45.52060269999696,9.216726650004825,50,fast,2031
Tamoil,45.473125000000664,9.199601000003435,50,fast,2032
nuova_colonnina,45.46856379999916,9.202664399999804,22,slow,2032
nuova_colonnina,45.48084100842604,9.181928892032087,22,slow,2032
Esselunga,45.4596168,9.168350699994535,22,slow,2032
Papà Francesco,45.466812999999355,9.191042999995938,50,fast,2032
nuova_colonnina,45.46673180000136,9.1991079,22,slow,2032
Intesa Sanpaolo,45.46697082,9.187344687635566,50,fast,2032
nuova_colonnina,45.46518730000329,9.168132899999698,50,fast,2032
nuova_colonnina,45.461139325526865,9.195800165554314,22,slow,2032
Europam,45.510399120408444,9.251005036777979,50,fast,2032
Esso,45.4869425,9.198713400004749,50,fast,2032
nuova_colonnina,45.49688596306408,9.231272222560317,22,slow,2032
nuova_colonnina,45.500668138404365,9.206184657753816,22,slow,2032
nuova_colonnina,45.49227950378488,9.229144935,22,slow,2032
nuova_colonnina,45.51086851231525,9.214349143596877,22,slow,2032
nuova_colonnina,45.51675424999916,9.230466049997897,22,slow,2032
nuova_colonnina,45.50426504949851,9.23151752,22,slow,2032
nuova_colonnina,45.48693977367985,9.214379914,50,fast,2032
nuova_colonnina,45.48761183,9.213027271498625,22,slow,2032
nuova_colonnina,45.51380435932568,9.236091322583647,50,fast,2032
nuova_colonnina,45.52103269911254,9.230739259757728,50,fast,2032
nuova_colonnina,45.51846931315576,9.225611776425982,50,fast,2032
nuova_colonnina,45.48776273412051,9.255502742465792,150,ultrafast,2032
Tamoil,45.47749069999698,9.211553300000086,50,fast,2032
IP,45.46880200000115,9.222450100002476,50,fast,2032
Tamoil,45.46963289999697,9.2351837,50,fast,2032
nuova_colonnina,45.47862525319823,9.248313192737777,22,slow,2032
nuova_colonnina,45.475911281557096,9.233351967192677,50,fast,2032
nuova_colonnina,45.483379100001926,9.220606700003604,50,fast,2032
Mercato Rionale di Crescenzago del Giovedì,45.50243171848712,9.245991832495804,22,slow,2032
nuova_colonnina,45.47454110720111,9.246863613615492,22,slow,2032
nuova_colonnina,45.42379135,9.250357919239814,150,ultrafast,2032
Total,45.46599299999894,9.226917000001931,50,fast,2032
BEPI,45.435664513482585,9.240526083,22,slow,2032
nuova_colonnina,45.43048660205269,9.241039819102012,22,slow,2032
nuova_colonnina,45.436030124540935,9.239649315,22,slow,2032
nuova_colonnina,45.44842195658885,9.233424553877295,50,fast,2032
nuova_colonnina,45.46900108481025,9.261762350495886,50,fast,2032
nuova_colonnina,45.45469858311794,9.229152447162729,50,fast,2032
nuova_colonnina,45.45128441615307,9.230191874,22,slow,2032
nuova_colonnina,45.451752949054196,9.230270869705281,50,fast,2032
nuova_colonnina,45.4640007,9.213970599994976,22,slow,2032
nuova_colonnina,45.45819689137298,9.242414311007463,50,fast,2032
nuova_colonnina,45.444787907880816,9.263337358,50,fast,2032
Nido Infanzia Feltrinelli 11,45.43107076396514,9.248194659762492,50,fast,2032
nuova_colonnina,45.45579472132408,9.254755038,50,fast,2032
Eni,45.42220460000027,9.167572599996097,50,fast,2032
Q8,45.42966768570472,9.195552100091021,50,fast,2032
nuova_colonnina,45.43360069693522,9.217414060424954,22,slow,2032
nuova_colonnina,45.406485211017085,9.169283213314818,22,slow,2032
nuova_colonnina,45.43014193010374,9.199048681420754,22,slow,2032
nuova_colonnina,45.43485836299537,9.201059667042054,22,slow,2032
nuova_colonnina,45.41499555,9.171294550001324,22,slow,2032
nuova_colonnina,45.42515980668897,9.167260160932617,50,fast,2032
nuova_colonnina,45.43127902666375,9.170368224182102,50,fast,2032
nuova_colonnina,45.43846273091595,9.195164201,22,slow,2032
nuova_colonnina,45.436134022499814,9.214581177679893,50,fast,2032
nuova_colonnina,45.43645487449712,9.216477481951793,22,slow,2032
nuova_colonnina,45.41056060000425,9.173526849996692,22,slow,2032
nuova_colonnina,45.42854235000196,9.174460000005357,22,slow,2032
nuova_colonnina,45.44360871636398,9.196288182788447,22,slow,2032
nuova_colonnina,45.41504229999556,9.206689900003605,22,slow,2032
nuova_colonnina,45.42071649999869,9.1781303,50,fast,2032
Api,45.46053859999628,9.134214399997905,50,fast,2032
Eni,45.443503900004316,9.172322000002524,50,fast,2032
Gpl Metano,45.44326800000259,9.118651999997205,50,fast,2032
nuova_colonnina,45.43079899999804,9.152312999997507,22,slow,2032
nuova_colonnina,45.45581529999882,9.168705999996867,22,slow,2032
nuova_colonnina,45.44548390000067,9.172448699994542,50,fast,2032
nuova_colonnina,45.447030199999006,9.1569875,22,slow,2032
Q8,45.45922289999922,9.1506752,50,fast,2032
Q8 Easy,45.48309299999584,9.088761999995285,50,fast,2032
Star Oil,45.46303890000402,9.1353409,50,fast,2032
nuova_colonnina,45.462475500002384,9.146363350003456,50,fast,2032
Autogrill,45.47839575117745,9.145849405,150,ultrafast,2032
nuova_colonnina,45.490311958671725,9.140129351,150,ultrafast,2032
Tamoil,45.511894999997736,9.128016600002937,50,fast,2032
IP,45.48276150000191,9.1479962,50,fast,2032
nuova_colonnina,45.50346923,9.104055829205544,22,slow,2032
nuova_colonnina,45.50338189696136,9.093524829221609,22,slow,2032
nuova_colonnina,45.481758900002724,9.171112899994688,22,slow,2032
nuova_colonnina,45.49733519792459,9.115817028739064,22,slow,2032
nuova_colonnina,45.49272751789777,9.109463140076299,50,fast,2032
nuova_colonnina,45.50251544273687,9.102695025,22,slow,2032
l'Arca,45.48613457928595,9.128535860465004,22,slow,2032
nuova_colonnina,45.47295684211792,9.155914787,22,slow,2032
nuova_colonnina,45.49230416583274,9.11199669,22,slow,2032
nuova_colonnina,45.49104096987502,9.147390381,50,fast,2032
nuova_colonnina,45.47302065581366,9.159785370016452,22,slow,2032
nuova_colonnina,45.48605391766651,9.137724174070918,22,slow,2032
Ospedale Galeazzi Sant'Ambrogio,45.522450862801065,9.098469898002337,22,slow,2032
Socogas,45.52107919999925,9.148127299998242,50,fast,2032
TotalErg,45.52642020000015,9.174575200004917,50,fast,2032
Tamoil,45.52591419999637,9.193439100004262,50,fast,2032
Tamoil,45.52281099999654,9.159218,50,fast,2032
Esso,45.521105599998194,9.192448900003319,50,fast,2032
nuova_colonnina,45.516338195989206,9.201161212082534,22,slow,2032
nuova_colonnina,45.50210590000366,9.166598300000599,22,slow,2032
mediterraneo,45.52158749999898,9.216460800006105,50,fast,2032
Rossopomodoro,45.522173900003594,9.216759199996929,50,fast,2032
nuova_colonnina,45.48328330000196,9.194140899996396,50,fast,2032
Monte dei Paschi di Siena,45.51177673499412,9.204239363370064,50,fast,2032
Sun Strac,45.52472226089969,9.191215786,50,fast,2032
Keropetrol,45.47504730000304,9.188109899996874,50,fast,2033
IP,45.461350000002746,9.206950999994243,50,fast,2033
nuova_colonnina,45.4794571,9.188615900001377,22,slow,2033
nuova_colonnina,45.47738859999567,9.188887499998419,50,fast,2033
Autorimessa Smeraldo,45.47998429999728,9.1803874,22,slow,2033
nuova_colonnina,45.47630926479402,9.199822259945496,22,slow,2033
nuova_colonnina,45.45924527719961,9.192715177320514,50,fast,2033
Esso,45.50217203074977,9.198862018658474,50,fast,2033
Esso,45.506025919710076,9.237219395247962,50,fast,2033
Eni,45.500710573384616,9.228801695419236,50,fast,2033
nuova_colonnina,45.51096107419683,9.237405024,22,slow,2033
nuova_colonnina,45.50346680328397,9.235208063,50,fast,2033
nuova_colonnina,45.49650464999908,9.205961999998552,50,fast,2033
nuova_colonnina,45.51815926680533,9.222648415399537,50,fast,2033
nuova_colonnina,45.50069417051662,9.209811018741181,50,fast,2033
Jam Grill House,45.49788191416355,9.238959686,150,ultrafast,2033
Tamoil,45.4735071,9.229097699995148,50,fast,2033
IP,45.506936,9.261258099998713,50,fast,2033
nuova_colonnina,45.48547309999952,9.2297535,22,slow,2033
nuova_colonnina,45.47619659310829,9.226973421718881,50,fast,2033
nuova_colonnina,45.42442600000222,9.252579999999472,50,fast,2033
Eni,45.46747500000309,9.225426000003727,50,fast,2033
Esso,45.433740999997106,9.261913999996278,50,fast,2033
Parcheggio Supermercato,45.44174780000097,9.218683000001747,22,slow,2033
nuova_colonnina,45.436907195288406,9.265571408141513,22,slow,2033
nuova_colonnina,45.43440028482658,9.237633816,22,slow,2033
nuova_colonnina,45.44076897163478,9.264481800751296,22,slow,2033
nuova_colonnina,45.4545359,9.214723199996548,50,fast,2033
"FORLANINI VLE FORLANINI CORRISPONDENZA LINEA TRAM 27, BUS 73 e 45",45.46297330000296,9.238790900005366,22,slow,2033
nuova_colonnina,45.45357709999621,9.227722849996407,50,fast,2033
nuova_colonnina,45.43623460951531,9.245352765,22,slow,2033
nuova_colonnina,45.45194476764508,9.252740654178085,50,fast,2033
nuova_colonnina,45.45861272285925,9.247729794,22,slow,2033
nuova_colonnina,45.45690436408375,9.209580124749703,50,fast,2033
nuova_colonnina,45.41349175153603,9.209673930981202,22,slow,2033
nuova_colonnina,45.406642306777236,9.171593940050434,22,slow,2033
nuova_colonnina,45.39827198861174,9.206043196,22,slow,2033
nuova_colonnina,45.41859960447221,9.177616206358167,22,slow,2033
nuova_colonnina,45.40803969208781,9.173147737158153,22,slow,2033
nuova_colonnina,45.41592652294476,9.176088338869523,50,fast,2033
nuova_colonnina,45.42215145,9.180005699995016,50,fast,2033
Parcheggio Autosilo Medaglie d'Oro,45.45112840000339,9.201091599998025,22,slow,2033
nuova_colonnina,45.41693800754159,9.170182972,22,slow,2033
nuova_colonnina,45.42157972674782,9.202000135384777,22,slow,2033
nuova_colonnina,45.44291341723886,9.193660523742773,50,fast,2033
nuova_colonnina,45.419864585875864,9.176828427377629,22,slow,2033
nuova_colonnina,45.41555412756916,9.181513829,50,fast,2033
nuova_colonnina,45.45351466389392,9.158199571428048,22,slow,2033
Bingo Azzurro,45.447344273769446,9.126214186407346,22,slow,2033
nuova_colonnina,45.45222749999932,9.167474500005165,50,fast,2033
Esselunga,45.44423323146625,9.162911450987991,50,fast,2033
Tamoil,45.47514899999919,9.141955,50,fast,2033
Esso,45.460736000003585,9.110610999994044,50,fast,2033
IP,45.47614369999626,9.111746000003015,50,fast,2033
nuova_colonnina,45.457563286306176,9.102723571894064,22,slow,2033
nuova_colonnina,45.450660701412275,9.097295399741052,50,fast,2033
nuova_colonnina,45.50597539999931,9.131199000003342,150,ultrafast,2033
Tamoil,45.48322280000363,9.159307800003456,50,fast,2033
Esso,45.504858000001704,9.106479999995402,50,fast,2033
Q8,45.501912699999714,9.143356000000066,50,fast,2033
nuova_colonnina,45.50363120740779,9.107697338405346,22,slow,2033
nuova_colonnina,45.49585100501578,9.108582193293476,50,fast,2033
nuova_colonnina,45.49415883006817,9.110514591111361,22,slow,2033
nuova_colonnina,45.506813059412806,9.103157322373953,50,fast,2033
nuova_colonnina,45.49808203353598,9.113087133689023,22,slow,2033
nuova_colonnina,45.49274184896226,9.117619537,22,slow,2033
Esselunga,45.485982099998246,9.164898900005708,50,fast,2033
nuova_colonnina,45.50583483391231,9.093856737608832,22,slow,2033
nuova_colonnina,45.489439899996135,9.187733500003182,50,fast,2033
nuova_colonnina,45.53048321665991,9.171670569535365,22,slow,2033
nuova_colonnina,45.50770124999871,9.1877698,50,fast,2033
nuova_colonnina,45.52431469999574,9.174785900000389,22,slow,2033
nuova_colonnina,45.516410771288555,9.180489763,50,fast,2033
nuova_colonnina,45.52653861681531,9.162959954,50,fast,2033
Autorimessa Sarca,45.50680969999883,9.2032698,22,slow,2033
Keropetrol,45.46681659999702,9.166150200001091,50,fast,2034
nuova_colonnina,45.46488888188977,9.179742644474832,22,slow,2034
nuova_colonnina,45.467097700000586,9.171077299995572,22,slow,2034
nuova_colonnina,45.475397308852784,9.201835438807505,50,fast,2034
Carducci Parking,45.46151250000254,9.172193200003028,22,slow,2034
IP,45.51446733903747,9.224897965821212,50,fast,2034
nuova_colonnina,45.50378808684758,9.211215563031246,22,slow,2034
Scuola dell’infanzia Sant’Uguzzone,45.52129675436041,9.226187954966152,22,slow,2034
nuova_colonnina,45.50451542295082,9.224404479237435,22,slow,2034
nuova_colonnina,45.488843310323944,9.195995462344808,22,slow,2034
nuova_colonnina,45.50363509863955,9.240302656021733,22,slow,2034
nuova_colonnina,45.516317602118725,9.240150374801036,50,fast,2034
nuova_colonnina,45.52110674508221,9.232329308,22,slow,2034
nuova_colonnina,45.49748898667625,9.236922944126919,22,slow,2034
nuova_colonnina,45.492664791432496,9.199578080799265,50,fast,2034
nuova_colonnina,45.4877839,9.217584299999618,22,slow,2034
nuova_colonnina,45.51074539999909,9.245663500005964,50,fast,2034
nuova_colonnina,45.51566946,9.237009928239809,50,fast,2034
Q8,45.50664229999942,9.253289999994397,50,fast,2034
Q8,45.48811099999991,9.236793599999684,50,fast,2034
nuova_colonnina,45.475351299996426,9.225364900001889,22,slow,2034
Il Trancio di Fra,45.47012386108977,9.225890973204548,22,slow,2034
IP,45.46780060000414,9.211330200005525,50,fast,2034
Q8,45.449671500003845,9.253031000005388,50,fast,2034
nuova_colonnina,45.44126820557516,9.264064065027522,22,slow,2034
SAN DONATO-PAULLESE VIA SAN DONATO-PAULLESE CORRISPONDENZA  LINEA MM3,45.43026689999986,9.257980100002042,50,fast,2034
nuova_colonnina,45.45422334324596,9.229844892,50,fast,2034
nuova_colonnina,45.45032467574895,9.233240872538264,50,fast,2034
nuova_colonnina,45.45559920340131,9.232870296231784,22,slow,2034
nuova_colonnina,45.44347311685315,9.245979714486317,22,slow,2034
nuova_colonnina,45.43277318932847,9.24093922,50,fast,2034
nuova_colonnina,45.43609869479586,9.247664506999113,50,fast,2034
nuova_colonnina,45.43251777928919,9.242991948561576,22,slow,2034
nuova_colonnina,45.43888198567612,9.230372242420382,22,slow,2034
nuova_colonnina,45.43051048,9.244986805670424,50,fast,2034
nuova_colonnina,45.43004902043853,9.245943445,50,fast,2034
Ambulatorio Veterinario Ovidio,45.45870950000237,9.242551999999082,50,fast,2034
nuova_colonnina,45.434168725787465,9.263853519636738,50,fast,2034
nuova_colonnina,45.44917150200962,9.251879488604853,22,slow,2034
nuova_colonnina,45.44615415,9.213958179103471,22,slow,2034
nuova_colonnina,45.45581897413267,9.238281083536021,22,slow,2034
TotalErg,45.43707530000327,9.211282299999462,50,fast,2034
nuova_colonnina,45.42853094520741,9.172093705343421,22,slow,2034
nuova_colonnina,45.4394964,9.201285875339261,22,slow,2034
nuova_colonnina,45.40366774198512,9.172657137522496,22,slow,2034
nuova_colonnina,45.40321830000253,9.169102300005854,22,slow,2034
nuova_colonnina,45.43721966813572,9.212008781545341,22,slow,2034
Eni,45.43895637072108,9.126153411499786,50,fast,2034
Esso,45.443861199997265,9.116214799998037,50,fast,2034
Romolo s.a.s.,45.44262420000065,9.159325499995626,50,fast,2034
Total,45.44687750000265,9.126388999995905,50,fast,2034
Q8,45.44355299999844,9.174132500004529,50,fast,2034
nuova_colonnina,45.42920660000436,9.153270599997958,22,slow,2034
CATERINA DA FORLI' VIA CATERINA DA FORLI' CORRISPONDENZA LINEA MM1,45.460462000001314,9.139004000004697,22,slow,2034
nuova_colonnina,45.43975725974486,9.166037908735957,22,slow,2034
nuova_colonnina,45.440961154760885,9.145855724714778,22,slow,2034
Esso,45.44486129999663,9.073474399996899,50,fast,2034
Butan Gas,45.46125799999805,9.158733000003096,50,fast,2034
Esso,45.454260999996535,9.106507,50,fast,2034
nuova_colonnina,45.46817470000318,9.159398800003222,50,fast,2034
nuova_colonnina,45.462789999996886,9.149447899993888,50,fast,2034
nuova_colonnina,45.51252159999617,9.126731099994455,150,ultrafast,2034
nuova_colonnina,45.51753527999825,9.118379458392878,150,ultrafast,2034
Q8,45.50007059999714,9.130798200003078,50,fast,2034
nuova_colonnina,45.500406056573325,9.10335775,22,slow,2034
nuova_colonnina,45.521500865243006,9.099025247906468,22,slow,2034
nuova_colonnina,45.49805815000081,9.116294000000947,22,slow,2034
nuova_colonnina,45.50020948766617,9.107196810035926,22,slow,2034
nuova_colonnina,45.497570130460005,9.110322876,22,slow,2034
nuova_colonnina,45.49891089628118,9.109636699167234,22,slow,2034
nuova_colonnina,45.522567100004075,9.177958399998019,22,slow,2034
nuova_colonnina,45.51504189999951,9.211571299994777,50,fast,2034
nuova_colonnina,45.51327919999559,9.160889799994024,50,fast,2034
Biblioteca Bovisa La Masa,45.50278583143079,9.157715331259626,22,slow,2034
nuova_colonnina,45.49207785935652,9.181656391060393,22,slow,2034
nuova_colonnina,45.513229479659614,9.1863098,22,slow,2034
nuova_colonnina,45.46513799999854,9.188476000003766,22,slow,2035
Oratorio Pier Giorgio Frassati,45.46514980000279,9.204528499994973,22,slow,2035
Café GinRosa,45.466327826117166,9.198708396239773,22,slow,2035
Manin - Bastioni,45.476969791611985,9.198263152324579,50,fast,2035
nuova_colonnina,45.462340000004474,9.1865065,50,fast,2035
nuova_colonnina,45.469524499997796,9.188015599995955,22,slow,2035
Banca Intesa,45.46712549999812,9.191670900006223,22,slow,2035
Mediolanum Parking,45.464907799995835,9.196265499997462,50,fast,2035
nuova_colonnina,45.45526941028915,9.181002794,22,slow,2035
Autorimessa via Giusti,45.47985440000105,9.174135900001792,22,slow,2035
nuova_colonnina,45.508163807951384,9.242898661813111,22,slow,2035
nuova_colonnina,45.49649454128121,9.229467586,22,slow,2035
nuova_colonnina,45.50694442836375,9.242834461960392,22,slow,2035
nuova_colonnina,45.48751119378537,9.220526885364231,22,slow,2035
nuova_colonnina,45.48840155418525,9.211457123,50,fast,2035
nuova_colonnina,45.49325601749489,9.230905084632536,50,fast,2035
nuova_colonnina,45.51013624,9.223044160708946,50,fast,2035
nuova_colonnina,45.514859981320555,9.230075369281336,22,slow,2035
nuova_colonnina,45.50938250000398,9.254268599994438,150,ultrafast,2035
nuova_colonnina,45.47765808,9.229113622728041,50,fast,2035
Eni,45.452432799995755,9.248271900001814,50,fast,2035
nuova_colonnina,45.46390620000014,9.223716599999646,50,fast,2035
Eni,45.451296500000815,9.241184300006179,50,fast,2035
nuova_colonnina,45.45361742439696,9.228780278634847,22,slow,2035
nuova_colonnina,45.46532743844241,9.210107009164673,22,slow,2035
nuova_colonnina,45.45358469442683,9.225720704716707,22,slow,2035
nuova_colonnina,45.44870253930163,9.231928274607425,50,fast,2035
nuova_colonnina,45.441957350871554,9.240007030752771,50,fast,2035
nuova_colonnina,45.438597947214966,9.243236471,50,fast,2035
nuova_colonnina,45.44101379277514,9.242603919,50,fast,2035
nuova_colonnina,45.43825536533199,9.241910167458922,50,fast,2035
nuova_colonnina,45.437398731865706,9.218540645863753,50,fast,2035
nuova_colonnina,45.45726029288049,9.249277558666968,22,slow,2035
nuova_colonnina,45.457867842956645,9.210376606445537,22,slow,2035
nuova_colonnina,45.43922315126003,9.219535184376868,50,fast,2035
nuova_colonnina,45.442898675339976,9.264567462915018,22,slow,2035
IP,45.40049079999947,9.2098671,50,fast,2035
TPR,45.45099944391955,9.185050533769244,22,slow,2035
nuova_colonnina,45.42484477,9.178563680632472,50,fast,2035
nuova_colonnina,45.42683906294287,9.178372317418116,22,slow,2035
Ripamonti Corrispondenza Tram 24,45.42083359999976,9.203355600005196,50,fast,2035
nuova_colonnina,45.41198045684432,9.228292371681343,50,fast,2035
nuova_colonnina,45.42868452523978,9.167902176642496,22,slow,2035
nuova_colonnina,45.44329345000372,9.176314500001503,50,fast,2035
nuova_colonnina,45.44266555,9.194825134877101,22,slow,2035
Stazione di servizio IP,45.4409142,9.172328100004897,50,fast,2035
Q8,45.44588120000038,9.159797700006317,50,fast,2035
Q8,45.44282020000432,9.1561191,50,fast,2035
nuova_colonnina,45.42938378,9.158996531725567,22,slow,2035
nuova_colonnina,45.45236586637838,9.115082347678666,50,fast,2035
nuova_colonnina,45.43695045000291,9.156709800003698,22,slow,2035
Tamoil,45.445983799995524,9.074874799995625,50,fast,2035
nuova_colonnina,45.46190680000099,9.086842399995096,50,fast,2035
IP API,45.48597810000389,9.080342400004637,50,fast,2035
nuova_colonnina,45.47634450720652,9.100075021763166,50,fast,2035
nuova_colonnina,45.51583253523256,9.124978215073476,150,ultrafast,2035
nuova_colonnina,45.5003545,9.139705599993654,50,fast,2035
TotalErg,45.49983539999782,9.142616900004203,50,fast,2035
nuova_colonnina,45.50144995000034,9.1060955,22,slow,2035
nuova_colonnina,45.502201001578776,9.100112248528458,22,slow,2035
nuova_colonnina,45.50350016639481,9.109301053084758,22,slow,2035
nuova_colonnina,45.497734405921975,9.111394545143837,22,slow,2035
Ristorante Brasile,45.494654468752096,9.155914096653975,50,fast,2035
Milano Lampugnano,45.48922124608488,9.128064039244354,50,fast,2035
nuova_colonnina,45.49220775686551,9.113440939302155,22,slow,2035
nuova_colonnina,45.49783568851298,9.121297456,50,fast,2035
nuova_colonnina,45.48781784351172,9.163855162199111,50,fast,2035
nuova_colonnina,45.49067430660139,9.101143819125841,50,fast,2035
nuova_colonnina,45.52283866940116,9.173241384929602,150,ultrafast,2035
nuova_colonnina,45.52780050000287,9.1666476,150,ultrafast,2035
Simply,45.519842299996675,9.170353400001712,50,fast,2035
Keropetrol,45.517504100001645,9.209342600002225,50,fast,2035
nuova_colonnina,45.508450862510706,9.159572928254027,22,slow,2035
Maciachini,45.49800117878235,9.187981851,50,fast,2035
nuova_colonnina,45.51952119999756,9.192617599997163,50,fast,2035
